{
  "best_params": {
    "max_features": 150000,
    "min_ngram": 3,
    "max_ngram": 6,
    "use_idf": false,
    "norm": "l2",
    "min_df": 15,
    "max_df": 0.7507763244648757,
    "sublinear_tf": true,
    "C": 7.557285076622611
  },
  "best_score": 0.9655331055051162,
  "best_score_metric": "average_precision",
  "optimal_threshold": 0.6200846516159235,
  "n_folds": 5,
  "random_state": 42
}