offered_rate,achieved_throughput,e2e_p50,e2e_p95,e2e_p99,repeat
4740.0,4814.37896808886,25.17479658126831,62.33363151550293,81.5789878368378,2
7900.0,8325.986064155732,25.9132981300354,40.986835956573614,50.000848770141616,2
11060.0,10694.489871672262,37.7659797668457,61.047935485839844,69.54598307609561,2
13430.0,9582.138801352427,97.66727685928345,148.59068989753746,178.06932330131534,2
